Episode,Reward,Epsilon,Avg Reward
0,-0.543,0.9987399999999949,[-0.543]
1,-0.6990000000000002,0.9956439999999822,[-0.6210000000000001]
2,0.3009999999999998,0.989964999999959,[-0.3136666666666668]
3,46.10000000000012,0.9861489999999434,[11.28975000000003]
