Episode,Reward,Epsilon,Avg Reward
0,1.8650000000000257,0.995764705882344,[1.8650000000000257]
